City_ID,City,Country,Lat,Lng,Max Temp,Humidity,Cloudiness,Wind Speed,Weather Description
0,Geraldton,AU,-28.7667,114.6,111.61,7,0,10.36,clear sky
1,Nara,JP,34.6851,135.8049,42.12,62,88,15.84,overcast clouds
2,Kanniyakumari,IN,8.0833,77.5667,81.63,71,45,6.6,scattered clouds
3,Mariahu,IN,25.6167,82.6167,55.36,55,0,6.96,clear sky
4,La Ronge,CA,55.1001,-105.2842,-7.35,77,100,6.91,overcast clouds
5,Awbari,LY,26.5921,12.7805,45.82,42,0,5.68,clear sky
6,Rikitea,PF,-23.1203,-134.9692,78.98,69,5,7.52,clear sky
7,Provo,US,40.2338,-111.6585,29.75,67,0,5.75,clear sky
8,Bodaybo,RU,57.8506,114.1933,11.39,86,100,3.13,overcast clouds
9,Kinsale,IE,51.7075,-8.5306,40.23,93,20,9.22,few clouds
10,Bubaque,GW,11.2833,-15.8333,77.54,64,0,9.4,clear sky
11,Puerto Ayora,EC,-0.7393,-90.3518,74.55,93,46,3.0,scattered clouds
12,Chernyy Yar,RU,48.0624,46.1091,28.85,87,100,11.81,overcast clouds
13,Saint-Philippe,RE,-21.3585,55.7679,83.79,89,100,24.61,moderate rain
14,Suda,RU,59.1525,37.5582,6.91,100,100,4.09,overcast clouds
15,Jamestown,US,42.097,-79.2353,18.72,86,100,5.75,mist
16,Alice Springs,AU,-23.7,133.8833,80.15,26,0,10.36,clear sky
17,Havelock,US,34.8791,-76.9013,65.01,94,100,5.99,moderate rain
18,Shestakovo,RU,56.4915,103.96,18.46,92,100,8.01,light snow
19,Port Blair,IN,11.6667,92.75,86.04,70,40,11.5,scattered clouds
20,Pitogo,PH,13.7847,122.0881,81.86,66,86,15.43,overcast clouds
21,Celina,US,40.5489,-84.5702,16.0,91,84,4.59,broken clouds
22,Port Alfred,ZA,-33.5906,26.891,69.4,84,96,11.9,light rain
23,Miles City,US,46.4083,-105.8406,43.52,55,0,5.75,clear sky
24,Lompoc,US,34.6391,-120.4579,56.37,76,0,4.61,clear sky
25,Saravena,CO,6.9538,-71.8752,70.81,95,81,3.13,broken clouds
26,Kushmurun,KZ,52.4503,64.6311,19.36,74,100,10.07,overcast clouds
27,Kununurra,AU,-15.7667,128.7333,82.38,83,95,8.05,overcast clouds
28,Deputatskiy,RU,69.3,139.9,-27.27,98,71,2.95,broken clouds
29,New Norfolk,AU,-42.7826,147.0587,72.66,40,85,1.99,overcast clouds
30,Cockburn Town,TC,21.4612,-71.1419,75.83,74,0,17.2,clear sky
31,Trinidad,BO,-14.8333,-64.9,73.83,94,92,5.03,overcast clouds
32,Quatre Cocos,MU,-20.2078,57.7625,80.71,85,99,19.48,light rain
33,Boende,CD,-0.2167,20.8667,69.6,81,100,1.7,overcast clouds
34,Souillac,MU,-20.5167,57.5167,80.98,83,75,19.57,light rain
35,Lebu,CL,-37.6167,-73.65,56.95,88,51,17.56,broken clouds
36,Kaveripattinam,IN,12.4207,78.2166,79.52,57,84,6.33,broken clouds
37,Nyurba,RU,63.2842,118.3319,-9.31,94,96,3.4,overcast clouds
38,Sao Miguel,BR,-5.4667,-35.3667,79.57,77,11,10.71,few clouds
39,Kudahuvadhoo,MV,2.6708,72.8944,82.0,72,41,11.1,scattered clouds
40,Padang,ID,-0.9492,100.3543,82.45,80,91,2.08,overcast clouds
41,Zhigansk,RU,66.7697,123.3711,-24.57,97,100,4.43,overcast clouds
42,Gasa,PS,31.5,34.4667,51.91,73,87,14.18,overcast clouds
43,Dzerzhinskoye,RU,56.8344,95.2283,23.97,83,100,11.63,light snow
44,Carnarvon,AU,-24.8667,113.6333,98.67,32,12,10.36,few clouds
45,Namibe,AO,-15.1961,12.1522,71.19,66,33,5.84,scattered clouds
46,Medea,DZ,36.2642,2.7539,30.65,42,98,2.26,overcast clouds
47,Saint George,US,37.1041,-113.5841,43.36,32,0,11.01,clear sky
48,Datong,CN,40.0936,113.2914,20.28,29,41,5.28,scattered clouds
49,Fereydunshahr,IR,32.941,50.121,20.71,92,83,6.91,light snow
50,Pafos,CY,34.7667,32.4167,49.91,87,0,6.91,clear sky
51,Punta Arenas,CL,-53.15,-70.9167,46.51,71,0,8.05,clear sky
52,Lieksa,FI,63.3167,30.0167,17.49,92,100,18.39,light snow
53,Coquimbo,CL,-29.9533,-71.3436,64.13,82,0,2.3,clear sky
54,Pingliang,CN,35.5392,106.6861,23.11,67,100,5.99,light snow
55,Ancud,CL,-41.8697,-73.8203,53.22,91,7,2.48,clear sky
56,Waw,SS,7.7029,27.9953,70.59,21,97,7.2,overcast clouds
57,Faya,SA,18.3851,42.4509,51.91,76,25,6.44,scattered clouds
58,Mesyagutovo,RU,55.5303,58.2528,16.52,92,100,2.15,overcast clouds
59,Belyy Yar,RU,53.6039,91.3903,-11.31,84,20,2.24,smoke
60,Esperance,AU,-33.8667,121.9,96.64,46,3,16.28,clear sky
61,Mount Isa,AU,-20.7333,139.5,91.17,18,5,5.75,clear sky
62,Sao Joao Da Barra,BR,-21.6403,-41.0511,75.13,87,98,15.75,overcast clouds
63,Isla Mujeres,MX,21.2311,-86.731,73.45,81,0,5.59,clear sky
64,Sault Sainte Marie,CA,46.5168,-84.3333,3.76,59,75,3.44,broken clouds
65,Porto Novo,BJ,6.4965,2.6036,80.42,90,1,2.62,clear sky
66,Port Elizabeth,ZA,-33.918,25.5701,67.1,94,100,1.14,overcast clouds
67,Senneterre,CA,48.3835,-77.2328,-12.78,100,95,3.4,overcast clouds
68,Cavalcante,BR,-13.7975,-47.4583,69.33,84,90,1.88,overcast clouds
69,East London,ZA,-33.0153,27.9116,65.34,94,75,2.3,broken clouds
70,Nowa Deba,PL,50.4297,21.7508,39.94,84,100,12.86,overcast clouds
71,Buta,CD,2.7858,24.73,70.12,68,99,2.04,overcast clouds
72,Sinnamary,GF,5.3833,-52.95,75.78,88,85,8.55,overcast clouds
73,Uporovo,RU,56.3109,66.2693,22.95,81,100,10.51,overcast clouds
74,Port Hardy,CA,50.6996,-127.4199,45.75,93,100,6.91,overcast clouds
75,Airai,TL,-8.9266,125.4092,68.45,82,95,3.36,overcast clouds
76,Tezu,IN,27.9167,96.1667,59.59,88,100,0.89,overcast clouds
77,Tasiilaq,GL,65.6145,-37.6368,20.34,66,100,38.5,overcast clouds
78,Cape Town,ZA,-33.9258,18.4232,65.88,68,0,1.99,clear sky
79,Beli Potok,RS,44.7061,20.5197,39.38,79,74,2.91,broken clouds
80,Albany,US,42.6001,-73.9662,14.14,85,99,3.22,overcast clouds
81,Kavaratti,IN,10.5669,72.642,77.94,58,81,4.79,broken clouds
82,Kuna,US,43.4918,-116.4201,31.78,78,0,1.99,clear sky
83,Surt,LY,31.2089,16.5887,54.01,53,6,12.68,clear sky
84,Akhmim,EG,26.5622,31.745,48.4,65,5,6.87,clear sky
85,Praia Da Vitoria,PT,38.7333,-27.0667,57.76,94,75,20.6,broken clouds
86,Akyab,MM,20.15,92.9,76.53,59,23,5.99,few clouds
87,Simao,CN,22.7886,100.9748,68.43,53,0,7.87,clear sky
88,Tumen,CN,42.9661,129.8425,16.27,51,76,15.12,broken clouds
89,Port Keats,AU,-14.25,129.55,86.2,65,63,9.51,light rain
90,Xinmin,CN,41.9908,122.8253,21.45,35,0,12.28,clear sky
91,San Quintin,MX,30.4833,-115.95,55.74,50,17,3.91,few clouds
92,Rio Gallegos,AR,-51.6226,-69.2181,50.05,71,0,19.57,clear sky
93,Patti,IN,31.2808,74.8572,46.47,71,0,4.59,clear sky
94,Victoria,HK,22.2855,114.1577,66.18,71,66,1.99,broken clouds
95,Altay,CN,47.8667,88.1167,16.21,66,0,3.53,clear sky
96,Tiream,RO,47.6167,22.4667,33.98,78,100,5.23,overcast clouds
97,Vrangel,RU,42.7297,133.0839,15.17,47,5,20.31,clear sky
98,Dakar,SN,14.6937,-17.4441,68.88,100,0,2.3,clear sky
99,Sabha,LY,27.0377,14.4283,46.89,37,0,7.23,clear sky
100,Leh,IN,34.1667,77.5833,1.27,87,88,2.73,overcast clouds
101,Natal,BR,-5.795,-35.2094,79.45,83,20,5.75,few clouds
102,Kobyzhcha,UA,50.8285,31.5044,21.11,97,97,6.85,overcast clouds
103,Mahebourg,MU,-20.4081,57.7,80.89,83,75,19.57,broken clouds
104,Necochea,AR,-38.5473,-58.7368,64.04,74,100,8.21,moderate rain
105,Saint-Junien,FR,45.8833,0.9,39.78,97,84,3.36,broken clouds
106,Alpena,US,45.0617,-83.4327,6.94,88,100,1.01,overcast clouds
107,Gunjur,GM,13.2019,-16.7339,64.47,77,0,0.0,clear sky
108,Ponta Do Sol,PT,32.6667,-17.1,63.01,70,84,4.88,broken clouds
109,Sao Filipe,CV,14.8961,-24.4956,72.57,72,0,12.28,clear sky
110,Ushuaia,AR,-54.8,-68.3,44.26,87,0,5.75,clear sky
111,Jalu,LY,29.0331,21.5482,48.11,78,0,5.68,clear sky
112,Barra Do Garcas,BR,-15.89,-52.2567,73.0,91,54,0.34,broken clouds
113,Prince Rupert,CA,54.3161,-130.3201,44.29,93,100,11.5,mist
114,Maceio,BR,-9.6658,-35.7353,74.64,88,40,4.61,scattered clouds
115,Mango,US,27.9797,-82.3065,70.18,94,40,6.91,scattered clouds
116,La Rioja,ES,42.25,-2.5,37.18,94,100,3.2,overcast clouds
117,Hofn,IS,64.2539,-15.2082,26.33,66,100,14.74,overcast clouds
118,Kolvereid,NO,64.8655,11.6047,34.99,93,100,33.02,snow
119,Portobelo,PA,9.55,-79.65,76.62,84,16,12.77,few clouds
120,Najran,SA,17.4924,44.1277,70.45,58,2,5.73,clear sky
121,Bredasdorp,ZA,-34.5322,20.0403,67.32,64,34,16.11,scattered clouds
122,Fredericksburg,US,38.3032,-77.4605,37.0,76,100,1.99,overcast clouds
123,Pemangkat,ID,1.1667,108.9667,85.06,66,97,8.61,overcast clouds
124,Perth,AU,-31.9333,115.8333,109.02,10,0,12.66,clear sky
125,Lasa,IT,46.6166,10.7002,40.46,94,40,8.3,scattered clouds
126,Luanda,AO,-8.8368,13.2343,75.2,83,75,6.91,broken clouds
127,Yulara,AU,-25.2406,130.9889,85.84,19,0,11.5,clear sky
128,Castro,BR,-24.7911,-50.0119,64.24,98,79,4.5,broken clouds
129,Mar Del Plata,AR,-38.0023,-57.5575,67.08,85,100,1.01,light rain
130,Karratha,AU,-20.7377,116.8463,93.94,52,68,17.9,broken clouds
131,Narasannapeta,IN,18.4167,84.05,78.42,29,61,5.88,broken clouds
132,Rabo De Peixe,PT,37.8,-25.5833,56.71,87,20,6.91,few clouds
133,Maua,BR,-23.6678,-46.4614,71.4,94,92,5.17,overcast clouds
134,Vieux-Habitants,GP,16.0589,-61.7659,73.71,81,29,9.35,scattered clouds
135,Awjilah,LY,29.1081,21.2869,48.27,79,0,5.35,clear sky
136,Mahajanga,MG,-15.7167,46.3167,80.62,89,40,10.36,scattered clouds
137,Roald,NO,62.5833,6.1333,39.0,65,20,27.63,light rain
138,Bakchar,RU,57.0186,82.0711,19.53,80,100,10.27,overcast clouds
139,Atuona,PF,-9.8,-139.0333,78.78,77,20,16.4,few clouds
140,Itaqui,BR,-29.1253,-56.5531,78.04,68,100,9.46,moderate rain
141,Coihaique,CL,-45.5752,-72.0662,54.21,76,0,4.61,clear sky
142,Chuy,UY,-33.6971,-53.4616,68.04,94,44,3.76,scattered clouds
143,Aracruz,BR,-19.8203,-40.2733,74.41,96,100,3.38,overcast clouds
144,Katyuzhanka,UA,50.806,30.1376,25.02,95,84,8.9,broken clouds
145,Paita,PE,-5.0892,-81.1144,70.83,84,51,10.31,broken clouds
146,Haines Junction,CA,60.7522,-137.5108,-11.25,77,100,1.14,overcast clouds
147,Tambopata,PE,-12.7333,-69.1833,70.92,99,90,2.15,overcast clouds
148,Bengkulu,ID,-3.8004,102.2655,78.24,79,100,2.84,light rain
149,Mingaora,PK,34.7758,72.3625,49.17,20,0,3.67,clear sky
150,Ribeira Grande,PT,38.5167,-28.7,58.86,79,21,5.61,few clouds
151,Blytheville,US,35.9273,-89.919,28.36,88,12,7.45,few clouds
152,Derzhavinsk,KZ,51.1,66.3167,15.93,75,100,12.97,overcast clouds
153,Udala,ES,43.0778,-2.5125,46.8,98,99,4.05,overcast clouds
154,Lerik,AZ,38.7726,48.4128,34.52,84,100,3.29,overcast clouds
155,Margate,GB,51.3813,1.3862,39.74,82,1,1.99,clear sky
156,Timra,SE,62.487,17.3257,17.31,93,53,2.3,fog
157,Bangui,CF,4.3612,18.555,64.58,82,92,0.0,overcast clouds
158,Akdepe,TM,42.0551,59.3788,41.0,50,100,5.06,overcast clouds
159,Saint-Marc,HT,19.1082,-72.6938,73.06,76,0,7.34,clear sky
160,Artesia,US,33.8658,-118.0831,64.38,32,0,0.0,clear sky
161,San Cristobal,VE,7.7669,-72.225,71.78,92,52,3.0,broken clouds
162,Busselton,AU,-33.65,115.3333,108.05,33,6,9.42,clear sky
163,Beirut,LB,33.8889,35.4944,50.74,82,75,5.75,drizzle
164,Ust-Kuyga,RU,70.0167,135.6,-36.02,100,99,4.14,overcast clouds
165,Aripuana,BR,-9.1667,-60.6333,72.09,99,100,2.24,overcast clouds
166,Plettenberg Bay,ZA,-34.0527,23.3716,63.77,73,0,6.24,clear sky
167,Kismayo,SO,-0.3582,42.5454,79.92,75,46,15.1,scattered clouds
168,Hithadhoo,MV,-0.6,73.0833,82.17,74,97,12.55,overcast clouds
169,Marsa Matruh,EG,31.3525,27.2453,53.8,66,40,10.36,scattered clouds
170,Half Moon Bay,US,37.4636,-122.4286,56.32,64,0,4.61,clear sky
171,Saint Andrews,US,34.0454,-81.1293,56.7,76,20,18.41,few clouds
172,Payo,ID,-3.7508,103.6372,76.77,87,100,1.77,overcast clouds
173,Saint-Georges,GD,12.0564,-61.7485,76.68,83,75,12.66,broken clouds
174,Cabedelo,BR,-6.9811,-34.8339,79.47,77,6,9.57,clear sky
175,Thompson,CA,55.7435,-97.8558,-23.64,76,0,0.0,clear sky
176,Dicabisagan,PH,17.0818,122.4157,75.47,83,97,10.92,overcast clouds
177,Cabo San Lucas,MX,22.8909,-109.9124,63.95,70,0,1.66,clear sky
178,Grand Gaube,MU,-20.0064,57.6608,81.0,82,100,11.01,overcast clouds
179,Lumeje,AO,-11.55,20.7833,63.21,94,99,3.47,overcast clouds
180,Leticia,CO,-4.2153,-69.9406,75.25,94,75,2.3,broken clouds
181,Karasjok,NO,69.4719,25.5112,15.91,92,100,18.66,light snow
182,Almaznyy,RU,48.0448,40.045,26.74,92,99,10.6,overcast clouds
183,Cap Malheureux,MU,-19.9842,57.6142,81.09,82,100,11.01,overcast clouds
184,Wenatchee,US,47.4235,-120.3103,47.23,86,0,5.75,clear sky
185,Chicama,PE,-7.8447,-79.1469,70.83,76,66,5.26,broken clouds
186,Mount Gambier,AU,-37.8333,140.7667,80.51,41,40,20.71,scattered clouds
187,Samfya,ZM,-11.3649,29.5565,63.14,94,100,3.96,overcast clouds
188,Zhurivka,UA,50.5028,31.7849,21.18,100,100,6.02,overcast clouds
189,Menongue,AO,-14.6585,17.691,61.47,97,100,3.71,moderate rain
190,Mitsamiouli,KM,-11.3847,43.2844,82.69,83,75,12.66,light rain
191,Mazyr,BY,52.0495,29.2456,20.17,95,100,11.97,light snow
192,Itarema,BR,-2.9248,-39.9167,78.48,81,54,10.85,broken clouds
193,Abha,SA,18.2164,42.5053,51.62,76,0,0.0,clear sky
194,Port Lincoln,AU,-34.7333,135.8667,74.35,54,6,10.63,clear sky
195,Soyo,AO,-6.1349,12.3689,76.33,85,58,3.91,broken clouds
196,Banda Aceh,ID,5.5577,95.3222,86.14,62,58,8.88,broken clouds
197,Torbay,CA,47.6666,-52.7314,32.76,99,100,10.36,freezing rain
198,High Rock,BS,26.6208,-78.2833,68.02,66,0,10.16,clear sky
199,Dusnok,HU,46.3909,18.963,42.53,90,98,6.58,overcast clouds
200,Hermanus,ZA,-34.4187,19.2345,64.8,76,0,18.48,clear sky
201,Copiapo,CL,-27.3667,-70.3333,67.01,59,0,1.3,clear sky
202,Cap-Aux-Meules,CA,47.3821,-61.8597,24.82,86,100,27.63,light snow
203,Baghdad,IQ,33.3406,44.4009,40.91,75,0,5.75,clear sky
204,Mount Pleasant,US,32.7941,-79.8626,61.09,95,75,1.99,moderate rain
205,Peterhead,GB,57.5058,-1.7981,36.57,69,64,16.55,broken clouds
206,Nadym,RU,65.5333,72.5167,-1.86,99,79,9.44,broken clouds
207,Yumen,CN,40.2833,97.2,20.26,29,100,17.96,overcast clouds
208,Segezha,RU,63.7415,34.3222,12.31,85,100,17.2,overcast clouds
209,Talnakh,RU,69.4865,88.3972,-7.42,96,93,3.98,overcast clouds
210,Takoradi,GH,4.8845,-1.7554,78.93,82,49,2.91,scattered clouds
211,Worthington,US,40.0931,-83.018,14.61,88,0,4.61,clear sky
212,Pedernales,DO,18.0384,-71.744,75.85,71,7,3.0,clear sky
213,Salina Cruz,MX,16.1667,-95.2,67.19,64,0,26.69,clear sky
214,Fortuna,US,40.5982,-124.1573,45.52,93,40,0.0,scattered clouds
215,Klaksvik,FO,62.2266,-6.589,34.72,58,98,9.15,overcast clouds
216,Coralville,US,41.6764,-91.5805,3.43,72,0,13.8,clear sky
217,Yerbogachen,RU,61.2767,108.0108,2.12,95,98,5.82,overcast clouds
218,Vila Franca Do Campo,PT,37.7167,-25.4333,57.61,82,100,8.57,overcast clouds
219,Port Hedland,AU,-20.3167,118.5667,95.05,59,58,18.41,broken clouds
220,Zabid,YE,14.1951,43.3152,75.97,65,22,7.52,few clouds
221,Saint Anthony,US,45.0205,-93.218,-0.15,73,0,5.75,clear sky
222,Svetlogorsk,BY,52.6333,29.7333,17.33,94,98,11.77,overcast clouds
223,Beloha,MG,-25.1667,45.05,81.54,67,34,18.25,scattered clouds
224,Oloron-Sainte-Marie,FR,43.1944,-0.6107,46.33,92,100,2.24,overcast clouds
225,Imbituba,BR,-28.24,-48.6703,78.69,95,100,7.09,overcast clouds
226,Dutse,NG,11.7594,9.3392,55.18,22,0,7.36,clear sky
227,Burns Lake,CA,54.2331,-125.7533,35.02,86,84,6.15,broken clouds
228,Constitucion,CL,-35.3333,-72.4167,57.74,86,14,10.83,few clouds
229,Nouadhibou,MR,20.931,-17.0347,64.38,59,13,11.5,few clouds
230,Maniitsoq,GL,65.4167,-52.9,6.93,87,100,15.84,light snow
231,Morfelden-Walldorf,DE,49.9947,8.5836,37.76,87,0,9.22,clear sky
232,Gat,IL,31.61,34.7642,51.4,100,89,10.16,overcast clouds
233,Qarqin,AF,37.4185,66.0436,56.86,13,0,30.04,clear sky
234,Totness,SR,5.8833,-56.3167,75.38,90,97,7.34,overcast clouds
235,Coahuayana,MX,18.7333,-103.6833,66.67,79,2,4.18,clear sky
236,Nchelenge,ZM,-9.3451,28.734,66.88,88,100,4.03,overcast clouds
237,Aksu,CN,41.1231,80.2644,28.71,49,99,4.88,overcast clouds
238,Aldan,RU,58.6031,125.3894,-0.99,91,100,4.43,overcast clouds
239,Georgetown,MY,5.4112,100.3354,87.89,71,40,1.01,scattered clouds
240,Alice Town,BS,25.7167,-79.3,74.19,68,0,12.44,clear sky
241,Armizonskoye,RU,55.9461,67.6736,20.61,82,100,10.63,overcast clouds
242,Atasu,KZ,48.6814,71.6433,14.41,75,4,11.3,clear sky
243,Kasongo-Lunda,CD,-6.4667,16.8167,66.74,99,88,0.29,light rain
244,Kitamoto,JP,36.036,139.541,49.01,22,69,14.45,broken clouds
245,Hamilton,US,39.1834,-84.5333,18.84,83,100,4.61,overcast clouds
246,Ogaminana,NG,7.5946,6.2248,70.65,61,1,1.83,clear sky
247,Cayenne,GF,4.9333,-52.3333,80.1,85,75,5.99,light rain
248,Ghosi,IN,26.1083,83.5436,61.68,68,0,7.78,clear sky
249,Cidreira,BR,-30.1811,-50.2056,72.0,93,10,3.83,clear sky
250,Paamiut,GL,61.994,-49.6678,3.42,89,100,9.15,light snow
251,Oranjemund,NA,-28.55,16.4333,63.43,88,38,7.38,scattered clouds
252,Port Alberni,CA,49.2413,-124.8028,46.17,93,93,3.0,overcast clouds
253,Vallenar,CL,-28.5708,-70.7581,68.18,55,0,1.59,clear sky
254,Antalaha,MG,-14.9003,50.2788,79.61,71,100,3.24,overcast clouds
255,Carutapera,BR,-1.195,-46.02,75.18,93,100,4.99,overcast clouds
256,Nuevo Progreso,MX,23.1667,-97.95,49.59,37,100,4.0,overcast clouds
257,Guerrero Negro,MX,27.9769,-114.0611,59.18,35,0,2.77,clear sky
258,Comodoro Rivadavia,AR,-45.8667,-67.5,48.06,87,0,5.75,clear sky
259,Sao Felix Do Xingu,BR,-6.6447,-51.995,70.74,95,77,1.5,broken clouds
260,Hualmay,PE,-11.0964,-77.6139,69.51,86,60,7.76,broken clouds
261,Flinders,AU,-34.5833,150.8552,74.48,66,58,11.01,broken clouds
262,Daryapur,IN,20.9333,77.3333,72.93,21,38,6.82,scattered clouds
263,Kattivakkam,IN,13.2167,80.3167,84.29,81,64,4.94,broken clouds
264,Nuuk,GL,64.1835,-51.7216,9.21,52,75,11.5,broken clouds
265,San Carlos,VE,9.6612,-68.5827,73.4,71,49,4.43,scattered clouds
266,Vikulovo,RU,56.8167,70.6107,20.79,84,100,9.13,overcast clouds
267,Sile,TR,41.1754,29.6133,34.57,59,1,7.61,clear sky
268,Onega,RU,63.9061,38.1404,6.24,92,100,11.92,overcast clouds
269,Keti Bandar,PK,24.1447,67.4497,73.89,48,0,8.84,clear sky
270,Dortyol,TR,36.8616,36.2289,42.78,71,0,1.3,clear sky
271,Terekli-Mekteb,RU,44.1671,45.8698,35.71,72,100,17.87,light rain
272,Zyryanovsk,KZ,49.7386,84.2719,-3.59,92,67,1.01,broken clouds
273,Juegang,CN,32.3174,121.1855,38.84,45,0,16.13,clear sky
274,Arraial Do Cabo,BR,-22.9661,-42.0278,75.49,88,97,21.16,overcast clouds
275,Irtyshskiy,RU,58.3333,68.1333,20.14,94,100,5.86,overcast clouds
276,Tura,IN,25.5198,90.2201,57.34,88,44,3.38,scattered clouds
277,Sinop,TR,41.7711,34.8709,20.46,82,52,9.55,broken clouds
278,Vila Velha,BR,-20.3297,-40.2925,75.15,96,20,3.44,few clouds
279,Dingle,PH,10.9995,122.6711,82.47,70,83,18.01,broken clouds
280,Bahir Dar,ET,11.5936,37.3908,63.91,57,15,4.38,few clouds
281,Arlit,NE,18.7369,7.3853,53.26,26,0,4.72,clear sky
282,Elgin,US,42.0373,-88.2812,12.56,80,75,4.0,broken clouds
283,Tondol,PH,16.3104,120.0131,80.46,65,58,4.81,broken clouds
284,Batagay,RU,67.6333,134.6333,-31.2,97,61,1.57,broken clouds
285,Atar,MR,20.5169,-13.0499,66.83,12,21,5.61,few clouds
286,Touros,BR,-5.1989,-35.4608,79.7,74,5,11.48,clear sky
287,Krasnoselkup,RU,65.7,82.4667,16.56,95,100,5.17,light snow
288,Sabang,ID,5.8933,95.3214,81.61,77,62,18.45,broken clouds
289,Bambous Virieux,MU,-20.3428,57.7575,80.85,83,75,19.57,light rain
290,Changli,CN,39.7042,119.1506,30.99,23,0,16.64,clear sky
291,Vagur,FO,61.4732,-6.8119,37.22,72,100,15.37,overcast clouds
292,Taltal,CL,-25.4,-70.4833,67.21,73,0,2.46,clear sky
293,Sosva,RU,59.1766,61.8558,21.83,96,100,5.64,light snow
294,Kushima,JP,31.4583,131.2333,48.24,50,53,15.95,broken clouds
295,Urumqi,CN,43.801,87.6005,0.55,85,100,2.24,fog
296,Larnaca,CY,34.9167,33.6292,52.21,87,40,4.61,scattered clouds
297,Tigzirt,DZ,36.8886,4.1198,55.78,57,76,2.91,broken clouds
298,Ukiah,US,39.1502,-123.2078,51.39,69,0,0.0,clear sky
299,Montevideo,UY,-34.8335,-56.1674,67.82,88,40,5.75,scattered clouds
300,Zdvinsk,RU,54.7021,78.661,10.83,84,97,9.19,overcast clouds
301,Khatanga,RU,71.9667,102.5,-35.09,100,87,2.71,overcast clouds
302,Yalutorovsk,RU,56.6536,66.3006,22.93,83,100,10.16,overcast clouds
303,San Patricio,US,28.017,-97.5169,39.81,77,6,12.33,clear sky
304,Siocon,PH,7.7061,122.1353,86.4,66,88,10.2,overcast clouds
305,Liverpool,GB,53.4106,-2.9779,42.66,83,69,1.99,broken clouds
306,Freeport,US,40.6576,-73.5832,30.78,80,100,3.0,light snow
307,Etchojoa,MX,26.9167,-109.6333,60.28,64,0,8.01,clear sky
308,Oeiras Do Para,BR,-2.0031,-49.8544,73.87,96,100,2.59,overcast clouds
309,Nanortalik,GL,60.1432,-45.2371,12.31,60,71,38.88,broken clouds
310,Naruto,JP,34.1833,134.6167,42.78,28,20,25.32,few clouds
311,Sao Jose Da Coroa Grande,BR,-8.8978,-35.1478,77.65,75,15,5.7,few clouds
312,Urucui,BR,-7.2294,-44.5561,74.88,84,99,1.54,overcast clouds
313,Charagua,BO,-19.8,-63.2167,69.06,97,100,0.74,overcast clouds
314,Filadelfia,US,39.9523,-75.1638,31.17,81,100,5.01,overcast clouds
315,Matamoros,MX,25.5333,-103.25,44.71,65,0,4.61,clear sky
316,Adrar,MR,20.5022,-10.0711,60.76,13,0,9.22,clear sky
317,Mayo,US,38.8876,-76.5119,35.64,79,100,8.01,overcast clouds
318,Port-Gentil,GA,-0.7193,8.7815,79.43,79,68,8.88,broken clouds
319,Abnub,EG,27.2696,31.1511,44.82,77,4,8.23,clear sky
320,Lagoa,PT,39.05,-27.9833,57.56,82,84,21.54,broken clouds
321,Shingu,JP,33.7333,135.9833,41.99,46,35,16.4,scattered clouds
322,Norman Wells,CA,65.282,-126.8329,-7.56,59,75,21.85,broken clouds
323,Tukrah,LY,32.5341,20.5791,50.95,81,3,10.56,clear sky
324,Fallon,US,39.4735,-118.7774,32.92,39,63,2.33,broken clouds
325,Riberalta,BO,-10.9833,-66.1,73.08,99,100,2.86,overcast clouds
326,Omboue,GA,-1.5746,9.2618,76.1,86,91,4.81,overcast clouds
327,Novobirilyussy,RU,56.9514,90.6661,22.03,79,100,12.46,overcast clouds
328,Eyl,SO,7.9803,49.8164,74.84,63,40,12.97,scattered clouds
329,Vigrestad,NO,58.5667,5.7,42.48,75,75,23.87,broken clouds
330,Zemes,RO,46.5833,26.4167,19.17,69,62,5.99,broken clouds
331,Acapulco,MX,16.8634,-99.8901,73.22,83,0,0.0,clear sky
332,Bardiyah,LY,31.7561,25.0865,49.19,79,5,13.58,clear sky
333,Iqaluit,CA,63.7506,-68.5145,-20.47,69,75,3.44,broken clouds
334,Kangaatsiaq,GL,68.3065,-53.4641,2.23,72,100,12.39,overcast clouds
335,La Palma,US,33.8464,-118.0467,64.42,28,0,3.44,clear sky
336,Zambezi,ZM,-13.5432,23.1047,62.64,97,89,4.0,overcast clouds
337,Bosaso,SO,11.2842,49.1816,73.38,60,0,11.5,clear sky
338,Hilo,US,19.7297,-155.09,73.8,87,40,5.75,scattered clouds
339,Aksarka,RU,66.5606,67.7975,-1.88,100,89,2.08,overcast clouds
340,Pangnirtung,CA,66.1451,-65.7125,-26.59,98,100,1.48,overcast clouds
341,Smolensk,RU,55.0,33.0,-6.38,100,100,3.76,overcast clouds
342,Pinheiro Machado,BR,-31.5783,-53.3811,69.06,99,69,3.36,broken clouds
343,Snasa,NO,64.2457,12.3778,31.17,84,91,19.84,light snow
344,Konotop,UA,51.2403,33.2026,1.69,99,83,3.69,broken clouds
345,Erzin,TR,36.9559,36.2,41.52,73,0,2.21,clear sky
346,Basco,PH,20.4487,121.9702,72.59,75,96,27.07,overcast clouds
347,Ust-Kan,RU,50.9276,84.761,12.54,69,3,4.09,clear sky
348,Oshawa,CA,43.9001,-78.8496,12.31,76,100,5.75,overcast clouds
349,Anloga,GH,5.7947,0.8973,79.02,82,1,8.28,clear sky
350,Trelew,AR,-43.249,-65.3051,56.48,62,39,11.25,scattered clouds
351,Bolitoc,PH,15.7395,119.8769,85.57,56,90,3.91,overcast clouds
352,Mabaruma,GY,8.2,-59.7833,71.94,93,18,2.59,few clouds
353,Udachnyy,RU,66.4167,112.4,-19.97,99,79,4.41,broken clouds
354,Beyneu,KZ,45.3167,55.2,37.51,89,99,7.27,overcast clouds
355,Shakawe,BW,-18.3667,21.85,66.38,94,84,3.94,broken clouds
356,Saint-Michel-Des-Saints,CA,46.6834,-73.9159,-1.41,93,100,2.71,overcast clouds
357,Camp Verde,US,34.5636,-111.8543,43.23,31,0,7.2,clear sky
358,Muros,ES,42.7762,-9.0603,51.24,74,57,14.79,broken clouds
359,Neryungri,RU,56.6709,124.6491,0.28,91,100,13.18,overcast clouds
360,Bathsheba,BB,13.2167,-59.5167,75.81,69,20,10.36,few clouds
361,Kaspiyskiy,RU,45.3929,47.3707,34.29,84,100,18.19,overcast clouds
362,Salinopolis,BR,-0.6136,-47.3561,77.07,88,100,5.14,light rain
363,Azad Shahr,IR,34.7909,48.5707,28.96,69,75,9.22,broken clouds
364,Uelzen,DE,52.9667,10.5667,39.22,82,100,15.75,overcast clouds
365,Hailar,CN,49.2,119.7,6.17,80,100,10.36,overcast clouds
366,Qaqortoq,GL,60.7167,-46.0333,1.9,48,3,25.39,clear sky
367,Tual,ID,-5.6667,132.75,83.8,77,100,16.6,overcast clouds
368,Tazovskiy,RU,67.4667,78.7,5.36,96,100,7.54,overcast clouds
369,Deloraine,AU,-41.5333,146.6667,75.15,60,82,3.71,broken clouds
370,Port Shepstone,ZA,-30.7414,30.455,70.0,91,100,3.6,moderate rain
371,Hovd,MN,48.0056,91.6419,-3.44,77,4,2.91,clear sky
372,Sitka,US,57.0531,-135.33,42.69,75,100,8.05,overcast clouds
373,Turukhansk,RU,65.8167,87.9833,14.61,94,100,12.62,light snow
374,Lebanon,US,36.2081,-86.2911,28.58,87,100,9.22,overcast clouds
375,Shenzhen,CN,22.5455,114.0683,66.07,77,76,4.63,broken clouds
376,Lom Sak,TH,16.7798,101.2422,84.09,43,75,6.91,broken clouds
377,Rangapara,IN,26.8167,92.65,61.05,71,100,9.08,overcast clouds
378,Isla Aguada,MX,18.7833,-91.4667,74.03,87,29,26.06,scattered clouds
379,Hounde,BF,11.5,-3.5167,67.08,16,3,7.78,clear sky
380,Fengzhen,CN,40.4394,113.1536,18.28,28,14,5.73,few clouds
381,Mandvi,IN,22.8333,69.3667,71.19,58,3,9.13,clear sky
382,Whitehorse,CA,60.7161,-135.0538,-0.18,77,0,8.01,clear sky
383,Grenville,GD,12.1167,-61.6167,77.05,70,1,13.04,clear sky
384,Manta,EC,-0.95,-80.7333,76.78,88,40,2.3,scattered clouds
385,Salalah,OM,17.0151,54.0924,73.49,64,75,4.61,broken clouds
386,Pandan,PH,14.0453,124.1694,78.26,81,100,18.63,overcast clouds
387,Lensk,RU,60.7253,114.9278,6.24,88,99,7.94,overcast clouds
388,Taoudenni,ML,22.6783,-3.9836,61.74,16,51,10.13,broken clouds
389,Shitanjing,CN,39.2342,106.3439,18.43,32,100,5.91,overcast clouds
390,Waslala,NI,13.2333,-85.3833,65.62,86,9,1.14,clear sky
391,Goderich,CA,43.7501,-81.7165,11.91,85,100,4.61,overcast clouds
392,Hibbing,US,47.4272,-92.9377,-12.55,45,0,0.0,clear sky
393,Guerrero,MX,17.6667,-100.0,63.16,78,46,5.23,scattered clouds
394,Kalmunai,LK,7.4167,81.8167,80.67,65,66,4.92,broken clouds
395,Chapais,CA,49.7834,-74.8492,-15.02,98,100,2.98,overcast clouds
396,Puerto Escondido,MX,15.85,-97.0667,77.83,78,0,0.0,clear sky
397,Povenets,RU,62.8487,34.8262,9.68,92,100,14.03,light snow
398,Paidha,UG,2.4167,30.9855,68.7,37,100,1.99,overcast clouds
399,Pacific Grove,US,36.6177,-121.9166,54.57,66,0,1.99,clear sky
400,Werda,BW,-25.2667,23.2833,70.2,75,21,7.14,few clouds
401,Sal Rei,CV,16.1833,-22.9167,68.56,81,0,17.81,clear sky
402,Hirara,JP,24.8,125.2833,64.26,63,75,14.97,broken clouds
403,Nantucket,US,41.2835,-70.0995,35.15,94,100,19.82,overcast clouds
404,Nabire,ID,-3.3667,135.4833,85.8,67,99,8.5,overcast clouds
405,Almaty,KZ,43.25,76.95,21.11,93,100,2.24,mist
406,Belmonte,BR,-15.8631,-38.8828,79.3,89,100,6.89,overcast clouds
407,Sioux Lookout,CA,50.1001,-91.917,-7.22,76,20,3.44,few clouds
408,Henties Bay,NA,-22.116,14.2845,65.86,84,100,3.78,overcast clouds
409,Ponta Delgada,PT,37.7333,-25.6667,57.92,67,20,6.91,few clouds
410,Acajutla,SV,13.5928,-89.8275,78.01,72,37,9.06,scattered clouds
411,Vilshofen,DE,48.6333,13.1833,39.2,85,92,10.27,overcast clouds
412,San Jeronimo,PE,-11.9472,-75.2829,49.96,91,99,3.96,overcast clouds
413,Korla,CN,41.7597,86.1469,28.58,38,100,6.55,overcast clouds
414,Kuching,MY,1.55,110.3333,88.02,66,40,3.44,scattered clouds
415,Stepnyak,KZ,52.8339,70.7803,14.43,72,99,8.14,overcast clouds
416,Gazanjyk,TM,39.2446,55.5154,50.38,47,24,9.1,few clouds
417,Grindavik,IS,63.8424,-22.4338,28.35,63,100,27.63,snow
418,Sechura,PE,-5.5569,-80.8222,70.52,84,35,8.61,scattered clouds
419,Ternate,ID,0.8,127.4,85.62,68,96,5.84,overcast clouds
420,Coos Bay,US,43.3665,-124.2179,48.99,99,100,0.0,overcast clouds
421,Haverhill,US,42.7762,-71.0773,24.37,87,100,4.0,overcast clouds
422,High Level,CA,58.5169,-117.136,-3.89,77,100,6.91,light snow
423,Kalevala,RU,65.2,31.1667,18.99,93,100,13.98,light snow
424,Kungurtug,RU,50.5994,97.5228,2.5,86,33,1.43,scattered clouds
425,Tucumcari,US,35.1717,-103.725,22.84,74,0,4.61,clear sky
426,Risch,CH,47.1405,8.441,42.91,88,100,3.44,overcast clouds
427,Makokou,GA,0.5738,12.8642,67.62,98,56,1.83,broken clouds
428,Nerl,RU,56.6628,40.3893,-1.19,99,72,5.1,broken clouds
429,Banka,IN,24.8833,86.9167,63.23,63,79,11.01,broken clouds
430,Farsund,NO,58.0948,6.8047,42.06,2,27,20.98,scattered clouds
431,Chickasha,US,35.0526,-97.9364,25.12,86,0,3.44,clear sky
432,Urengoy,RU,65.9667,78.3667,9.97,95,100,10.89,overcast clouds
433,Shubarshi,KZ,48.5872,57.1869,27.37,89,100,15.32,overcast clouds
434,Pisco,PE,-13.7,-76.2167,66.25,82,0,4.61,clear sky
435,Tefe,BR,-3.3542,-64.7114,71.78,99,100,2.08,moderate rain
436,Graaff-Reinet,ZA,-32.2522,24.5308,57.92,89,42,4.54,scattered clouds
437,Devils Lake,US,48.1128,-98.8651,-5.06,81,100,11.01,overcast clouds
438,Kedougou,SN,12.5579,-12.1743,72.37,16,0,3.33,clear sky
439,Jieshi,CN,22.8134,115.8257,58.95,65,64,10.02,broken clouds
440,Shenjiamen,CN,29.9576,122.298,43.97,61,50,17.16,scattered clouds
441,Kosonsoy,UZ,41.2561,71.5508,32.56,16,84,2.66,broken clouds
442,Roebourne,AU,-20.7833,117.1333,92.35,56,77,17.83,broken clouds
443,Durban,ZA,-29.8579,31.0292,69.93,99,100,1.99,moderate rain
444,Caravelas,BR,-17.7125,-39.2481,75.06,91,100,4.97,overcast clouds
445,Caucaia,BR,-3.7361,-38.6531,81.03,76,75,5.75,broken clouds
446,Edd,ER,13.9297,41.6925,77.7,76,1,11.14,clear sky
447,Hobyo,SO,5.3505,48.5268,77.65,62,32,17.25,scattered clouds
448,Cortes,ES,41.9395,-1.4396,49.6,74,100,15.55,overcast clouds
449,Rawalpindi,PK,33.6007,73.0679,53.26,41,0,3.18,clear sky
450,Mastic Beach,US,40.7668,-72.8521,31.17,89,100,4.0,mist
451,Chakia,IN,26.4167,85.05,61.57,68,78,4.56,broken clouds
452,Henderson,US,36.0397,-114.9819,50.14,26,0,0.0,clear sky
453,Tambacounda,SN,13.7539,-13.7586,69.85,28,0,5.75,clear sky
454,Paka,MY,4.6374,103.4368,85.93,74,40,11.5,scattered clouds
455,Skelleftea,SE,64.7507,20.9528,32.36,69,100,8.05,overcast clouds
456,Sangar,RU,63.9242,127.4739,-25.49,95,98,1.3,overcast clouds
457,Marsaxlokk,MT,35.8419,14.5431,57.07,88,0,10.36,clear sky
458,Tessaoua,NE,13.7574,7.9874,54.73,21,0,10.71,clear sky
459,Muzhi,RU,65.3667,64.6667,-3.39,92,11,4.65,few clouds
460,Umm Kaddadah,SD,13.6017,26.6876,54.82,28,2,20.13,clear sky
461,Jacareacanga,BR,-6.2222,-57.7528,73.09,98,100,2.19,overcast clouds
462,Caluquembe,AO,-13.7833,14.6833,59.74,72,100,2.62,overcast clouds
463,Bilma,NE,18.6853,12.9164,53.04,27,2,5.12,clear sky
464,Laguna,US,38.421,-121.4238,54.34,69,0,0.0,clear sky
465,Hurricane,US,37.1753,-113.2899,41.02,39,0,5.14,clear sky
466,Richards Bay,ZA,-28.783,32.0377,71.42,90,100,14.47,light rain
467,Obo,CF,5.3998,26.4869,71.69,22,100,7.23,overcast clouds
468,Solnechnyy,RU,50.7214,136.6319,8.94,89,100,2.19,overcast clouds
469,Syasstroy,RU,60.1367,32.5691,11.88,88,91,15.01,overcast clouds
470,Kropotkin,RU,45.4375,40.5756,29.79,95,93,13.91,snow
471,Sarkand,KZ,45.41,79.9186,27.23,71,7,1.48,clear sky
472,Tacuarembo,UY,-31.7333,-55.9833,73.18,72,97,1.95,overcast clouds
473,Lashio,MM,22.9333,97.75,73.49,32,30,4.54,scattered clouds
474,Severomuysk,RU,56.1481,113.4267,-5.57,93,71,5.55,broken clouds
475,Abapo,BO,-18.8333,-63.4667,65.59,97,81,2.17,broken clouds
476,San Carlos De Bariloche,AR,-41.1456,-71.3082,55.56,66,82,0.36,broken clouds
477,Miroslovesti,RO,47.15,26.65,38.86,68,71,2.86,broken clouds
478,Ayan,RU,56.45,138.1667,-0.04,68,58,13.82,broken clouds
479,Kruisfontein,ZA,-34.0033,24.7314,64.89,79,78,3.62,broken clouds
480,Mill Valley,US,37.906,-122.545,56.19,60,35,1.99,scattered clouds
481,Clyde River,CA,70.4692,-68.5914,-10.97,70,0,4.61,clear sky
482,Xuddur,SO,4.1213,43.8894,73.04,45,16,21.09,few clouds
483,Alekseyevka,RU,50.6309,38.6903,3.4,97,57,6.15,broken clouds
484,Yellowknife,CA,62.456,-114.3525,-26.45,78,100,6.91,overcast clouds
485,Atambua,ID,-9.1061,124.8925,82.35,68,78,5.53,broken clouds
486,Sisimiut,GL,66.9395,-53.6735,0.72,84,100,17.47,overcast clouds
487,Kloulklubed,PW,7.0419,134.2556,86.5,81,40,19.6,scattered clouds
488,Athabasca,CA,54.7169,-113.2854,4.06,98,100,3.2,overcast clouds
489,Truro,GB,50.2653,-5.0544,47.48,71,75,13.8,broken clouds
490,Tarakan,ID,3.3,117.6333,81.93,70,88,6.31,overcast clouds
491,Oktyabrskoye,RU,43.0645,44.7417,26.74,100,100,8.95,snow
492,Dvinskoy,RU,62.1535,45.1175,-13.52,100,85,2.98,overcast clouds
493,Rastede,DE,53.25,8.2,39.0,84,87,14.12,overcast clouds
494,Otradnyy,RU,53.376,51.3452,28.06,96,100,6.67,overcast clouds
495,Kaohsiung,TW,22.6163,120.3133,73.35,62,20,4.0,few clouds
496,Ushtobe,KZ,45.2514,77.9838,22.59,71,7,7.63,clear sky
497,Hohhot,CN,40.8106,111.6522,19.69,38,0,8.95,clear sky
498,Hirado,JP,33.3597,129.5531,41.36,61,100,27.0,overcast clouds
499,Camana,PE,-16.6228,-72.7111,70.43,84,74,7.05,broken clouds
500,Paragominas,BR,-2.9667,-47.4833,71.47,100,100,0.87,overcast clouds
501,Nador,MA,35.174,-2.9287,61.05,51,0,10.36,clear sky
502,Saint-Augustin,CA,51.226,-58.6502,-9.22,85,100,9.66,overcast clouds
503,Marienburg,PL,54.0359,19.0266,38.12,93,100,17.2,light rain
504,Mazagao,BR,-0.115,-51.2894,78.85,97,100,3.51,light rain
505,Lynn Haven,US,30.2455,-85.6483,44.58,94,100,4.0,overcast clouds
506,Sesheke,ZM,-17.4759,24.2968,66.09,93,100,3.4,overcast clouds
507,Mao,ES,39.8885,4.2658,46.96,93,0,3.44,clear sky
508,Gamboma,CG,-1.8764,15.8644,72.73,82,95,1.86,overcast clouds
509,Quixeramobim,BR,-5.1992,-39.2928,73.63,88,63,3.65,broken clouds
510,Verkhoyansk,RU,67.5447,133.385,-29.74,97,73,0.43,broken clouds
511,Kijabe,KE,-0.933,36.5758,61.41,48,90,2.59,overcast clouds
512,Monrovia,LR,6.3005,-10.7969,74.97,87,12,3.76,few clouds
513,Olinda,BR,-8.0089,-34.8553,82.13,65,20,4.61,few clouds
514,Guiyang,CN,26.5833,106.7167,37.89,75,100,8.95,overcast clouds
515,Puqi,CN,29.7167,113.8833,51.08,53,7,7.52,clear sky
516,Sakyla,FI,61.0333,22.3333,32.56,99,100,4.52,light snow
517,Sampit,ID,-2.5333,112.95,91.31,53,97,2.39,overcast clouds
518,Vadso,NO,70.0744,29.7487,14.88,92,100,24.56,light snow
519,Maltahohe,NA,-24.8333,16.9833,70.38,49,23,11.01,few clouds
520,Luderitz,NA,-26.6481,15.1594,67.64,75,94,3.38,overcast clouds
521,Erdenet,MN,49.0333,104.0833,7.97,72,12,4.34,few clouds
522,Santa Ines,BR,-3.6667,-45.38,71.67,99,100,1.9,overcast clouds
523,Kedrovyy,RU,56.1667,91.8167,23.41,79,100,9.66,overcast clouds
524,Brae,GB,60.3964,-1.353,40.91,66,100,21.61,overcast clouds
525,Masvingo,ZW,-20.0637,30.8277,64.22,97,95,8.57,light rain
526,Chernyshevskiy,RU,63.0128,112.4714,-9.36,94,89,3.24,overcast clouds
527,Graneros,CL,-34.0667,-70.7333,62.96,65,0,2.73,clear sky
528,Beidao,CN,34.5686,105.8933,31.5,70,100,3.4,overcast clouds
529,Nkongsamba,CM,4.9547,9.9404,63.81,81,8,0.92,clear sky
530,Karpogory,RU,64.0019,44.4451,-7.96,100,78,4.79,broken clouds
531,Dumbravita,RO,45.7667,25.4333,22.91,20,72,0.51,broken clouds
532,Batie,BF,9.8833,-2.9167,68.23,17,3,4.81,clear sky
533,Presidencia Roque Saenz Pena,AR,-26.7852,-60.4388,71.35,97,100,4.47,overcast clouds
534,Maradi,NE,13.5,7.1017,55.36,18,0,11.65,clear sky
535,Loikaw,MM,19.6742,97.2094,81.34,33,56,7.85,broken clouds
536,Hambantota,LK,6.1241,81.1185,82.74,78,66,8.05,broken clouds
537,Manokwari,ID,-0.8667,134.0833,84.51,68,75,10.2,broken clouds
538,Koshurnikovo,RU,54.1667,93.3,10.67,79,100,2.1,overcast clouds
539,Kirensk,RU,57.7853,108.1119,14.2,90,100,8.86,overcast clouds
540,Kenora,CA,49.8167,-94.4337,-6.41,84,20,2.3,few clouds
541,Bowmore,US,34.9421,-79.3031,60.64,77,0,13.8,clear sky
542,Saint-Louis,SN,16.3333,-15.0,71.11,10,0,9.53,clear sky
543,Japura,ID,-0.3167,102.35,85.55,64,100,3.15,light rain
544,Mananara,MG,-16.1667,49.7667,80.2,73,100,11.45,overcast clouds
545,Dinghai,CN,26.2847,119.7936,47.32,63,96,21.16,overcast clouds
546,Labuhan,ID,-6.8844,112.2051,84.9,72,41,11.41,scattered clouds
547,Kaz,RU,52.9113,87.3105,20.93,80,33,1.66,scattered clouds
548,Caiaponia,BR,-16.9567,-51.8103,68.65,91,90,0.85,overcast clouds
549,Ridgecrest,US,35.6225,-117.6709,45.16,33,0,8.05,clear sky
550,Bar Harbor,US,44.3876,-68.2039,17.98,84,100,3.0,mist
551,Kashin,RU,57.3592,37.6081,-2.33,100,100,3.47,overcast clouds
552,Yenotayevka,RU,47.2456,47.0281,30.2,89,100,13.4,overcast clouds
553,Waingapu,ID,-9.6567,120.2641,84.51,71,60,13.04,broken clouds
554,Santa Maria,BR,-29.6842,-53.8069,72.72,89,76,2.59,broken clouds
555,Alta Floresta,BR,-9.8756,-56.0861,70.57,97,39,1.72,scattered clouds
556,Canon City,US,38.441,-105.2424,30.18,68,0,0.0,clear sky
557,Sibu,MY,2.3,111.8167,88.11,66,40,5.99,scattered clouds
558,Brewster,US,41.3973,-73.6171,28.15,88,100,8.05,overcast clouds
559,Axim,GH,4.8699,-2.2405,78.06,84,26,2.28,scattered clouds
560,Tafalla,ES,42.5269,-1.6745,45.48,84,100,5.88,overcast clouds
561,Serpneve,UA,46.3009,29.0196,30.56,67,43,6.69,scattered clouds
562,Oranjestad,AW,12.524,-70.027,78.75,73,20,10.36,few clouds
563,Husavik,IS,66.0449,-17.3389,15.71,94,98,7.85,overcast clouds
564,Ciudad Bolivar,VE,8.1222,-63.5497,77.11,68,55,11.23,broken clouds
565,Evans,US,33.5337,-82.1307,48.76,75,75,5.01,broken clouds
566,Trelaze,FR,47.45,-0.4667,36.48,92,33,0.0,scattered clouds
567,Lunenburg,CA,44.3835,-64.3155,30.22,95,100,13.13,snow
568,Majene,ID,-3.5403,118.9707,86.61,62,96,3.09,overcast clouds
569,Broome,US,42.2506,-75.833,14.77,85,100,8.05,overcast clouds
570,Huarmey,PE,-10.0681,-78.1522,70.32,85,57,7.52,broken clouds
571,Meulaboh,ID,4.1363,96.1285,84.99,64,87,4.56,overcast clouds
572,Inta,RU,66.0317,60.1659,-0.45,99,98,5.03,overcast clouds
573,Yenagoa,NG,4.9247,6.2642,75.85,92,15,2.06,few clouds
574,Kualakapuas,ID,-3.0091,114.3876,87.96,56,91,3.47,overcast clouds
575,Ruteng,ID,-8.6136,120.4721,72.34,76,96,3.15,overcast clouds
576,Galbshtadt,RU,53.2264,78.9845,7.68,82,39,8.66,scattered clouds
577,Massakory,TD,12.996,15.7293,60.42,25,2,16.46,clear sky
578,Sidney,AU,-33.8679,151.2073,78.24,60,75,5.99,broken clouds
579,Chifeng,CN,42.2683,118.9636,23.61,38,3,18.66,clear sky
580,Yeniseysk,RU,58.4497,92.1703,22.3,94,100,9.15,light snow
581,Pacifica,US,37.6138,-122.4869,56.14,62,40,3.0,scattered clouds
582,Lodja,CD,-3.4833,23.4333,67.44,92,91,2.46,overcast clouds
583,Belfast,GB,54.5833,-5.9333,39.02,82,40,12.66,scattered clouds
584,Licheng,CN,23.2955,113.8284,51.73,57,86,4.05,overcast clouds
585,Suluq,LY,31.6682,20.2521,49.53,79,2,4.45,clear sky
586,Saldanha,ZA,-33.0117,17.9442,57.25,71,1,8.19,clear sky
587,Vila Do Maio,CV,15.1333,-23.2167,70.59,80,0,17.29,clear sky
588,Verkhnevilyuysk,RU,63.4453,120.3167,-8.37,89,78,2.42,broken clouds
589,Glenwood Springs,US,39.5505,-107.3248,17.06,85,6,0.78,clear sky
590,Bhigvan,IN,18.3167,74.7667,75.85,26,58,7.99,broken clouds
591,Chabahar,IR,25.2919,60.643,71.76,60,0,7.78,clear sky
592,Kapoeta,SS,4.7717,33.5903,79.66,34,100,2.57,overcast clouds
593,Gushikawa,JP,26.3544,127.8686,62.6,49,75,12.66,broken clouds
594,Walvis Bay,NA,-22.9575,14.5053,66.09,84,76,3.56,broken clouds
595,Old Shinyanga,TZ,-3.55,33.4,63.41,93,100,2.21,overcast clouds
596,Doha,QA,25.2867,51.5333,66.18,77,0,8.05,clear sky
597,Bestobe,KZ,52.4994,73.0975,10.4,76,95,5.73,overcast clouds
598,Cameron Park,US,38.6688,-120.9872,51.73,68,39,1.99,scattered clouds
599,Miri,MY,4.4148,114.0089,87.94,70,40,5.75,scattered clouds
600,Angoche,MZ,-16.2325,39.9086,77.23,83,99,9.06,overcast clouds
601,A Coruna,ES,43.3713,-8.396,50.58,89,100,3.0,overcast clouds
602,Berdigestyakh,RU,62.0989,126.6992,-10.17,94,87,4.59,overcast clouds
603,Jibuti,DJ,11.5,42.5,60.22,39,42,1.95,scattered clouds
604,Teguise,ES,29.0605,-13.564,61.02,68,0,9.22,clear sky
605,Benghazi,LY,32.1167,20.0667,55.71,68,2,9.6,clear sky
606,Puerto Penasco,MX,31.3167,-113.5333,54.91,23,35,5.99,scattered clouds
607,Ashford,GB,51.1459,0.8728,39.72,88,0,9.22,clear sky
608,Lazaro Cardenas,MX,17.9583,-102.2,71.13,83,9,3.4,clear sky
609,Berberati,CF,4.2612,15.7922,63.32,26,98,1.92,overcast clouds
610,San Vicente,AR,-26.6167,-54.1333,66.83,97,33,1.86,light rain
611,Hope Mills,US,34.9704,-78.9453,64.49,85,0,12.66,clear sky
612,Araria,IN,26.15,87.5167,56.7,91,100,7.94,overcast clouds
613,Gornoye Loo,RU,43.7129,39.6049,29.98,80,92,5.44,snow
614,Thinadhoo,MV,0.5333,72.9333,82.04,70,100,11.5,overcast clouds
615,Tornio,FI,65.8481,24.1466,24.82,94,100,16.4,light snow
616,Rochester,US,43.1548,-77.6156,18.09,89,75,1.01,broken clouds
617,Nishihara,JP,26.1842,127.7558,62.65,53,75,14.97,broken clouds
618,Santiago Del Estero,AR,-27.7951,-64.2615,71.31,81,62,3.06,broken clouds
619,Khor,RU,47.8861,134.9464,-2.07,91,100,7.54,overcast clouds
620,Qasigiannguit,GL,68.8193,-51.1922,10.65,87,100,8.34,overcast clouds
621,Formosa,AR,-26.1775,-58.1781,75.18,100,100,0.0,moderate rain
622,Krutinka,RU,56.0055,71.5113,21.27,78,100,9.73,overcast clouds
623,Aykhal,RU,66.0,111.5,-14.3,99,85,5.75,overcast clouds
624,Grajewo,PL,53.6473,22.4554,34.48,99,100,16.69,light snow
625,Valera,VE,9.3178,-70.6036,68.45,87,3,4.92,clear sky
626,Astoria,US,46.1879,-123.8313,45.86,96,93,1.01,overcast clouds
627,Rundu,NA,-17.9333,19.7667,66.4,93,98,3.74,overcast clouds
628,Leninsk,RU,48.7119,45.1994,26.46,89,100,10.45,overcast clouds
629,Saint-Paul,RE,-21.0096,55.2707,84.31,80,100,17.98,light rain
630,Goundam,ML,16.4145,-3.6708,59.88,16,0,9.35,clear sky
631,San Buenaventura,MX,27.0833,-101.5333,36.48,46,2,0.54,clear sky
632,Estelle,US,29.8458,-90.1067,37.4,76,100,11.5,overcast clouds
633,Luan,CH,46.3592,6.9759,37.56,89,100,1.07,overcast clouds
634,Chaiyaphum,TH,15.75,102.0,79.93,44,79,14.81,broken clouds
635,Yar-Sale,RU,66.8333,70.8333,-0.83,100,90,5.84,overcast clouds
636,Kargasok,RU,59.0556,80.8572,23.04,94,100,11.34,light snow
637,Uthai Thani,TH,15.3833,99.55,79.75,40,93,7.85,overcast clouds
638,Kodinsk,RU,58.6881,99.1844,20.25,91,100,8.03,overcast clouds
639,Port-Cartier,CA,50.0334,-66.8654,-1.25,87,100,7.67,overcast clouds
640,Mendeleyevo,RU,56.0333,37.2167,17.28,86,100,6.71,mist
641,Enshi,CN,30.3,109.4833,49.59,58,95,0.6,overcast clouds
642,Arkhipovka,RU,56.6629,41.2543,3.24,96,25,6.87,scattered clouds
643,Dehu,IN,18.7167,73.7667,73.96,30,55,7.81,broken clouds
644,Kichera,RU,55.9375,110.0997,6.22,90,100,3.36,overcast clouds
645,Lamesa,US,32.7376,-101.951,31.26,47,0,2.39,clear sky
646,Slave Lake,CA,55.2834,-114.769,3.18,85,100,5.75,overcast clouds
647,Dori,BF,14.0354,-0.0345,60.57,13,2,10.42,clear sky
648,Gwadar,PK,25.1216,62.3254,70.63,58,0,10.85,clear sky
649,Bayir,TR,37.2687,28.2167,28.92,65,0,4.79,clear sky
650,Wabana,CA,47.6332,-52.9481,32.56,99,100,10.36,freezing rain
651,Tokur,RU,53.1333,132.9,-1.86,81,86,4.23,overcast clouds
652,Port Augusta,AU,-32.5,137.7667,91.71,19,7,13.87,clear sky
653,Ambikapur,IN,23.1167,83.2,65.19,27,0,6.69,clear sky
654,Jiwani,PK,25.05,61.7417,72.09,54,0,11.18,clear sky
655,Guasdualito,VE,7.2424,-70.7324,77.0,78,95,3.44,overcast clouds
656,Umm Lajj,SA,25.0213,37.2685,61.23,49,45,8.34,scattered clouds
657,Aswan,EG,24.0934,32.907,51.1,53,0,6.91,clear sky
658,Gawler,AU,-34.6,138.7333,90.1,26,79,4.65,broken clouds
659,Dukhovshchina,RU,55.1919,32.4111,-1.28,100,100,6.24,overcast clouds
660,Izumo,JP,35.3667,132.7667,39.09,52,75,20.71,broken clouds
661,Zheleznodorozhnyy,RU,55.7503,38.0042,18.01,100,89,2.71,overcast clouds
662,Dwarka,IN,22.2394,68.9678,72.54,52,11,9.4,few clouds
663,Raymondville,US,26.4815,-97.7831,43.02,62,2,14.58,clear sky
664,Maraba,BR,-5.3686,-49.1178,73.58,100,100,0.0,moderate rain
665,Santa Cruz,BO,-17.8,-63.1667,74.66,94,75,11.5,broken clouds
666,Mahibadhoo,MV,3.7833,72.9667,81.95,69,19,9.31,few clouds
667,Gimli,CA,50.6336,-96.9907,-9.56,70,100,8.05,overcast clouds
668,Portland,US,45.5234,-122.6762,49.6,89,75,4.0,broken clouds
669,Rawson,AR,-43.3002,-65.1023,57.54,61,56,15.03,broken clouds
670,San Rafael,AR,-34.6177,-68.3301,63.3,66,53,7.0,broken clouds
671,Dombarovskiy,RU,50.7587,59.5386,19.45,87,100,16.04,overcast clouds
672,Galle,LK,6.0367,80.217,82.44,66,44,1.01,scattered clouds
673,Torrevieja,ES,37.9787,-0.6822,57.52,80,93,1.01,overcast clouds
674,Vermilion,US,40.1667,-87.7506,16.14,75,40,11.99,scattered clouds
675,Parrita,CR,9.5201,-84.3225,82.17,77,39,4.0,scattered clouds
676,Manicore,BR,-5.8092,-61.3003,72.48,100,100,2.53,heavy intensity rain
677,Aloleng,PH,16.1307,119.7824,83.98,59,68,10.09,broken clouds
678,Litovko,RU,49.2361,135.1742,5.14,85,100,3.04,overcast clouds
679,Severo-Yeniseyskiy,RU,60.3725,93.0408,16.72,93,100,9.84,light snow
680,Monte Carmelo,BR,-18.7247,-47.4986,67.19,92,76,1.92,broken clouds
681,Tarko-Sale,RU,64.9225,77.785,12.2,94,100,13.49,overcast clouds
682,Bereda,ES,43.2686,-7.5406,46.42,100,73,5.21,broken clouds
683,Marsh Harbour,BS,26.5412,-77.0636,72.88,62,0,7.09,clear sky
684,Sindou,BF,10.6667,-5.1667,68.49,15,7,5.28,clear sky
685,Dergachi,RU,51.2328,48.7659,29.91,98,100,6.11,overcast clouds
686,Dhanwar,IN,24.4167,85.9833,62.2,55,29,10.36,scattered clouds
687,Naze,JP,28.3667,129.4833,56.32,63,99,17.02,overcast clouds
688,Manggar,ID,-2.8833,108.2667,81.88,75,100,7.05,heavy intensity rain
689,Lebyazhye,RU,55.2689,66.4947,20.98,81,100,10.2,overcast clouds
690,Ellisras,ZA,-23.6649,27.7443,70.77,78,100,5.32,light rain
691,Dublin,US,37.7021,-121.9358,55.26,70,0,3.44,clear sky
692,Chapada Dos Guimaraes,BR,-15.4606,-55.7497,73.06,89,66,3.83,broken clouds
693,Topchikha,RU,52.8192,83.1185,9.18,94,69,3.89,broken clouds
694,Ulenje,TZ,-8.9333,33.6833,55.36,97,100,1.79,light rain
695,Olafsvik,IS,64.8945,-23.7142,27.72,61,100,24.56,overcast clouds
696,Gazli,UZ,40.1333,63.45,48.72,30,53,19.1,broken clouds
697,Bonavista,CA,48.6499,-53.1147,31.12,94,100,23.98,snow
698,Mantua,IT,45.1667,10.7833,43.29,91,100,1.99,overcast clouds
699,Tabou,CI,4.423,-7.3528,78.21,84,42,4.16,scattered clouds
700,Rockland,US,41.1668,-74.0496,29.25,89,100,5.28,overcast clouds
701,Tocopilla,CL,-22.092,-70.1979,69.03,70,1,3.65,clear sky
702,Jalingo,NG,8.8833,11.3667,66.67,23,6,4.99,clear sky
703,Los Llanos De Aridane,ES,28.6585,-17.9182,58.12,72,0,7.0,clear sky
704,Hami,CN,42.8,93.45,29.73,25,100,3.24,overcast clouds
705,Khromtau,KZ,50.2503,58.4347,18.54,94,100,14.09,overcast clouds
706,Tuy Hoa,VN,13.0833,109.3,75.99,85,60,17.34,broken clouds
707,Uthal,PK,25.8072,66.6219,70.25,21,0,3.13,clear sky
708,Kapit,MY,2.0167,112.9333,90.68,52,100,1.95,overcast clouds
709,Jutai,BR,-5.1833,-68.9,70.02,99,74,0.96,moderate rain
710,Bacalan,PH,11.5464,122.0849,80.22,78,99,18.12,overcast clouds
711,Wilson,US,36.1501,-86.2833,27.91,87,100,9.22,overcast clouds
712,Baykit,RU,61.67,96.37,15.98,93,99,3.83,overcast clouds
713,Alikalia,SL,9.1667,-11.4,61.75,29,1,1.07,clear sky
714,Pyapon,MM,16.2833,95.6833,88.7,43,89,2.73,overcast clouds
715,Lima,PE,-12.0432,-77.0282,68.25,63,0,12.66,clear sky
716,Nizhniy Chir,RU,48.3597,43.0865,24.75,89,73,10.76,broken clouds
717,Sasaram,IN,24.951,84.0149,65.79,46,0,9.55,clear sky
718,Tayga,RU,56.06,85.6197,18.34,83,100,11.54,overcast clouds
719,Ayaviri,PE,-14.8864,-70.5889,42.12,91,100,2.57,light rain
720,Novaya Igirma,RU,57.1334,103.9112,17.49,93,100,8.48,light snow
721,Aracati,BR,-4.5617,-37.7697,78.51,80,71,8.55,broken clouds
722,Esna,EG,25.2934,32.554,46.42,58,0,7.07,clear sky
723,Kourou,GF,5.1552,-52.6478,80.11,91,95,6.2,overcast clouds
724,San Alfonso,PH,7.7803,126.4203,80.1,84,63,5.68,broken clouds
725,San Jose,US,37.3394,-121.895,56.28,63,20,0.0,smoke
726,Thunder Bay,CA,48.4001,-89.3168,-1.44,78,0,5.75,clear sky
727,Zeya,RU,53.75,127.2667,7.88,49,51,5.59,broken clouds
728,Nizhnedevitsk,RU,51.5419,38.3657,8.65,97,40,6.71,scattered clouds
729,Spearfish,US,44.4908,-103.8594,41.88,33,0,19.57,clear sky
730,Merrill,US,45.1805,-89.6835,1.17,85,0,0.0,clear sky
731,Kondagaon,IN,19.6,81.6667,74.89,20,94,2.44,overcast clouds
732,Lixourion,GR,38.2019,20.4314,53.26,79,85,7.16,overcast clouds
733,Sistranda,NO,63.7256,8.834,35.91,93,100,44.02,light snow
734,Campbell River,CA,50.0163,-125.2446,44.13,93,75,8.05,broken clouds
735,Igrim,RU,63.1906,64.4162,-11.27,100,91,2.15,overcast clouds
736,Salinas,US,36.6777,-121.6555,54.82,59,0,0.0,clear sky
737,Boyolangu,ID,-8.1181,111.8935,84.81,68,85,3.74,overcast clouds
738,Plouzane,FR,48.3833,-4.6167,44.65,87,75,4.61,broken clouds
739,Nhulunbuy,AU,-12.2333,136.7667,88.41,62,75,9.22,light rain
740,Manaure,CO,11.7751,-72.4445,75.51,82,0,11.65,clear sky
741,Sur,OM,22.5667,59.5289,74.75,35,6,7.36,clear sky
742,San Felipe,VE,10.3399,-68.7425,70.56,91,81,3.98,broken clouds
743,Basti,IN,26.8,82.7167,59.86,76,32,2.3,scattered clouds
744,Shu,KZ,43.5983,73.7614,39.07,40,0,4.88,clear sky
745,Jackson,US,42.4165,-122.8345,44.04,74,0,3.44,clear sky
746,Ouagadougou,BF,12.3642,-1.5383,66.33,20,0,8.05,clear sky
747,Pitsunda,GE,43.1592,40.3378,30.38,70,94,13.6,light snow
748,Abu Zabad,SD,12.35,29.25,57.7,27,49,19.06,scattered clouds
749,Kidal,ML,18.4411,1.4078,55.13,22,0,11.92,clear sky
750,Pathein,MM,16.7833,94.7333,88.36,44,71,5.3,broken clouds
751,Houma,US,29.5958,-90.7195,36.0,88,100,14.07,overcast clouds
752,Altamont,US,42.2068,-121.7372,36.39,67,0,1.99,clear sky
753,Kashi,CN,39.4547,75.9797,32.23,74,75,6.71,light snow
754,Puerto Carreno,CO,6.189,-67.4859,80.71,58,80,3.47,broken clouds
755,Penzance,GB,50.1186,-5.5371,47.41,69,7,16.46,clear sky
756,Urucara,BR,-2.5364,-57.76,72.25,95,98,2.13,overcast clouds
757,Baruun-Urt,MN,46.6806,113.2792,11.73,67,33,10.04,scattered clouds
758,Hare Bay,CA,48.8499,-54.0148,20.8,95,100,13.62,snow
759,Owen Sound,CA,44.5672,-80.9435,12.61,75,100,8.99,overcast clouds
760,Xiangxiang,CN,27.7333,112.5333,50.32,58,21,6.62,few clouds
761,La Macarena,CO,2.1837,-73.7849,72.37,92,97,0.76,overcast clouds
762,San Rafael Del Sur,NI,11.8485,-86.4384,79.77,65,6,8.57,clear sky
763,Iranshahr,IR,27.2025,60.6848,55.74,26,0,6.91,clear sky
764,Amga,RU,60.8953,131.9608,-12.98,89,99,4.18,overcast clouds
765,Chambarak,AM,40.5966,45.355,22.41,89,98,6.13,light snow
766,Mangrol,IN,21.1167,70.1167,70.97,50,13,3.33,few clouds
767,Kissimmee,US,28.3047,-81.4167,72.19,88,0,3.44,clear sky
768,Hay River,CA,60.8156,-115.7999,-13.02,77,75,5.75,broken clouds
769,Porto Seguro,BR,-16.4497,-39.0647,79.32,89,40,3.44,scattered clouds
770,North Myrtle Beach,US,33.816,-78.68,63.37,95,100,9.22,moderate rain
771,Marzuq,YE,14.4,46.4667,70.39,23,1,3.06,clear sky
772,Sokolo,ML,14.7328,-6.1219,65.73,17,0,9.51,clear sky
773,Kharp,RU,66.8014,65.8081,0.55,91,91,8.25,overcast clouds
774,Tulsipur,NP,28.131,82.2973,56.25,66,11,3.69,few clouds
775,Rietberg,DE,51.8,8.4333,39.13,85,70,17.67,broken clouds
776,Hauterive,FR,46.0901,3.4459,39.96,95,96,3.96,overcast clouds
777,Ulaanbaatar,MN,47.9077,106.8832,-0.27,78,13,2.24,few clouds
778,Vilhena,BR,-12.7406,-60.1458,68.0,97,92,3.09,overcast clouds
779,Vanavara,RU,60.34,102.2797,12.81,91,100,8.55,light snow
780,Ekibastuz,KZ,51.6667,75.3667,15.21,69,8,7.54,clear sky
781,Bose,IT,45.4612,8.0137,41.14,85,33,2.77,scattered clouds
782,Pochutla,MX,15.7432,-96.4661,76.05,71,0,4.05,clear sky
783,Khandyga,RU,62.6667,135.6,-25.26,92,80,0.22,broken clouds
784,Nacala,MZ,-14.5428,40.6728,78.1,83,85,5.61,overcast clouds
785,Sarangani,PH,5.4033,125.4636,81.28,79,95,26.02,overcast clouds
786,Nizhniy Kuranakh,RU,58.8353,125.4869,2.08,89,100,4.47,overcast clouds
787,Trapani,IT,37.8333,12.6667,55.58,93,75,4.61,broken clouds
788,Mbengwi,CM,6.0167,10.0,60.55,30,28,2.98,scattered clouds
789,Alvdal,NO,62.1077,10.6307,22.84,92,84,5.3,broken clouds
790,Sherpur,BD,25.0188,90.0175,63.41,79,86,9.57,overcast clouds
791,Ornskoldsvik,SE,63.2909,18.7153,27.55,100,89,4.61,overcast clouds
792,Yatou,CN,37.15,122.3833,32.31,37,70,17.56,broken clouds
793,Visby,SE,57.6409,18.296,35.82,93,100,14.97,overcast clouds
794,Brigantine,US,39.4101,-74.3646,34.05,98,100,12.66,snow
795,Amahai,ID,-3.3333,128.9167,87.1,65,82,3.83,broken clouds
796,Zhoucheng,CN,35.9122,116.3117,38.62,20,83,6.38,broken clouds
797,Jiayuguan,CN,39.8167,98.3,17.35,33,100,7.92,overcast clouds
798,Suruc,TR,36.9761,38.425,37.6,67,0,8.16,clear sky
799,Ostrovnoy,RU,68.0531,39.5131,15.28,83,100,27.0,overcast clouds
800,Livingstonia,MW,-10.606,34.1063,64.49,76,100,4.03,overcast clouds
801,Socorro,US,31.6546,-106.3033,34.81,50,0,6.91,clear sky
802,Rocha,UY,-34.4833,-54.3333,65.34,97,68,3.33,broken clouds
803,Imeni Poliny Osipenko,RU,52.4201,136.4853,8.82,80,100,9.82,overcast clouds
804,Aden,YE,12.7794,45.0367,77.13,51,62,4.34,broken clouds
805,Cururupu,BR,-1.8283,-44.8683,74.55,95,100,2.21,overcast clouds
806,Huangchuan,CN,32.1272,115.0394,45.64,51,28,11.83,scattered clouds
807,Guhagar,IN,17.4842,73.1929,78.64,45,20,2.15,few clouds
808,Chipinge,ZW,-20.1883,32.6236,65.03,93,79,5.73,broken clouds
809,Bogorodskoye,RU,56.55,37.8833,-0.67,100,99,1.39,overcast clouds
810,Praxedis Guerrero,MX,31.3667,-106.0167,35.19,54,0,4.99,clear sky
811,Glyadyanskoye,RU,54.9075,65.0883,21.99,79,100,10.98,overcast clouds
812,Santa Barbara,US,34.7333,-120.0343,52.36,63,0,0.0,clear sky
813,Malakal,SS,9.5334,31.6605,70.39,15,98,11.9,overcast clouds
814,Marovoay,MG,-16.1,46.6333,80.74,88,100,10.0,moderate rain
815,Usinsk,RU,65.9939,57.5281,-5.06,100,98,2.75,overcast clouds
816,Bossangoa,CF,6.4926,17.4552,68.18,17,100,5.37,overcast clouds
817,Balkanabat,TM,39.5108,54.3671,47.59,86,92,13.51,overcast clouds
818,Fukuma,JP,33.7667,130.4667,43.09,51,100,18.41,overcast clouds
819,Asosa,ET,10.0667,34.5333,61.0,24,71,5.91,broken clouds
820,Tuim,RU,54.3417,89.9261,22.24,73,89,3.87,overcast clouds
821,Dongsheng,CN,39.8161,109.9776,15.24,32,98,6.46,overcast clouds
822,Tessalit,ML,20.1986,1.0114,55.11,22,0,11.72,clear sky
823,Ucluelet,CA,48.9329,-125.5528,45.09,92,68,5.01,broken clouds
824,Vestmannaeyjar,IS,63.4427,-20.2734,32.45,84,100,16.35,light snow
825,Laren,NL,52.2567,5.2278,42.93,86,22,10.42,few clouds
826,Loanda,AO,-8.8368,13.2343,75.2,83,75,6.91,broken clouds
827,Ustrzyki Dolne,PL,49.4304,22.5938,33.98,100,98,9.24,overcast clouds
828,Faxinal,BR,-24.0003,-51.3194,65.44,96,95,2.71,overcast clouds
829,Del Rio,US,29.3627,-100.8968,33.42,62,0,0.0,clear sky
830,Lichuan,CN,30.3,108.85,38.73,61,87,8.88,overcast clouds
831,Cabatuan,PH,10.8794,122.486,82.8,68,82,17.38,broken clouds
832,Eucaliptus,BO,-17.5833,-67.5167,47.88,72,100,2.57,overcast clouds
833,Andros Town,BS,24.7,-77.7667,73.51,64,0,9.84,clear sky
834,Kathu,TH,7.9178,98.3332,92.62,74,52,15.52,broken clouds
835,Montes Claros,BR,-16.735,-43.8617,69.58,100,0,0.0,clear sky
836,Nirmal,IN,19.1,78.35,75.6,19,82,6.49,broken clouds
837,Vestmanna,FO,62.1564,-7.1664,32.92,69,75,8.05,broken clouds
838,Tombouctou,ML,20.0,-3.0,58.23,13,0,9.06,clear sky
839,Moose Factory,CA,51.2585,-80.6094,-16.6,76,0,4.61,clear sky
840,Chutove,UA,49.7104,35.1603,5.2,99,96,2.89,overcast clouds
841,Mananjary,MG,-21.2167,48.3333,76.93,95,100,27.85,heavy intensity rain
842,Inhambane,MZ,-23.865,35.3833,78.78,83,20,4.61,few clouds
843,Seoul,KR,37.5683,126.9778,29.71,33,0,16.11,clear sky
844,Kulhudhuffushi,MV,6.6221,73.07,81.19,65,54,9.69,broken clouds
845,Smoky Lake,CA,54.1169,-112.4686,5.49,97,100,3.85,overcast clouds
846,Narodychi,UA,51.2029,29.0823,24.12,96,100,9.37,light snow
847,Eureka,US,40.8021,-124.1637,45.79,84,100,4.61,overcast clouds
848,Zapolyarnyy,RU,69.4154,30.8136,13.28,93,100,15.28,light snow
849,Lucapa,AO,-8.4192,20.7447,61.41,98,95,1.79,overcast clouds
850,Miraflores,MX,19.2167,-98.8083,61.45,55,11,2.19,few clouds
